"id","saleprice"
"1",1461,115435.4765625
"2",1462,157728.640625
"3",1463,194122.765625
"4",1464,190520.3125
"5",1465,167960.078125
"6",1466,186442.359375
"7",1467,174932.09375
"8",1468,164929.140625
"9",1469,180956.71875
"10",1470,120115.6875
"11",1471,207951.09375
"12",1472,101619.21875
"13",1473,114857.71875
"14",1474,149743.234375
"15",1475,109900.4609375
"16",1476,360561
"17",1477,223004.765625
"18",1478,279121.96875
"19",1479,310967.75
"20",1480,432430.03125
"21",1481,318412.71875
"22",1482,204413.3125
"23",1483,174721.234375
"24",1484,157278.734375
"25",1485,166581.515625
"26",1486,188325.28125
"27",1487,344228.96875
"28",1488,218220.78125
"29",1489,187175.78125
"30",1490,262698.34375
"31",1491,181288.0625
"32",1492,81094.5859375
"33",1493,196905.34375
"34",1494,281878.78125
"35",1495,253294.984375
"36",1496,265592.84375
"37",1497,177963.359375
"38",1498,160812.1875
"39",1499,163885.78125
"40",1500,165199.921875
"41",1501,180995.65625
"42",1502,148676.453125
"43",1503,287951
"44",1504,222741.234375
"45",1505,227576.953125
"46",1506,182520.421875
"47",1507,267846.0625
"48",1508,177731.171875
"49",1509,172687.65625
"50",1510,140089.828125
"51",1511,137122.46875
"52",1512,154946.828125
"53",1513,112118.890625
"54",1514,180163.359375
"55",1515,232280.40625
"56",1516,143527.1875
"57",1517,170588.609375
"58",1518,114321.890625
"59",1519,235255.234375
"60",1520,133669.109375
"61",1521,134797.3125
"62",1522,175261.703125
"63",1523,110115.859375
"64",1524,115211.7265625
"65",1525,117739.578125
"66",1526,102667.0703125
"67",1527,110011.3125
"68",1528,133355.96875
"69",1529,150565.90625
"70",1530,163254.796875
"71",1531,117179.3046875
"72",1532,81133.5078125
"73",1533,135205.390625
"74",1534,127263.34375
"75",1535,152468.296875
"76",1536,113579.9609375
"77",1537,72730.5703125
"78",1538,142459.65625
"79",1539,185725.8125
"80",1540,117566.28125
"81",1541,150719.828125
"82",1542,138035.578125
"83",1543,192341.953125
"84",1544,75830.109375
"85",1545,92572.390625
"86",1546,152133.03125
"87",1547,150356.28125
"88",1548,127305
"89",1549,112284.8515625
"90",1550,133845.796875
"91",1551,112905.140625
"92",1552,151702.453125
"93",1553,152364.625
"94",1554,101888.515625
"95",1555,171693.484375
"96",1556,90801.7265625
"97",1557,99463.484375
"98",1558,102618.7421875
"99",1559,86520.484375
"100",1560,125586.25
"101",1561,139448.046875
"102",1562,137274.9375
"103",1563,121873.3203125
"104",1564,178282.328125
"105",1565,160841.03125
"106",1566,238355.21875
"107",1567,76495.6953125
"108",1568,218232.125
"109",1569,152145.828125
"110",1570,128464.0625
"111",1571,119476.3515625
"112",1572,132793.875
"113",1573,264494.9375
"114",1574,107201.203125
"115",1575,244052.65625
"116",1576,240766.53125
"117",1577,187168.53125
"118",1578,139527.859375
"119",1579,153700.765625
"120",1580,181193.421875
"121",1581,149590.765625
"122",1582,127511.6796875
"123",1583,310210.25
"124",1584,220401.109375
"125",1585,135431.90625
"126",1586,78043.1953125
"127",1587,86079.5078125
"128",1588,137096.484375
"129",1589,76527.7578125
"130",1590,128225.671875
"131",1591,85537.953125
"132",1592,121182.234375
"133",1593,124176.7734375
"134",1594,156198.421875
"135",1595,114487.8515625
"136",1596,239092.6875
"137",1597,199537.4375
"138",1598,189166.859375
"139",1599,178368.265625
"140",1600,157865.71875
"141",1601,78949.6171875
"142",1602,117389.671875
"143",1603,89587.90625
"144",1604,287415.625
"145",1605,235901.96875
"146",1606,152333.34375
"147",1607,171689.953125
"148",1608,202903.5625
"149",1609,171524.140625
"150",1610,159471.65625
"151",1611,126883.1484375
"152",1612,179985.703125
"153",1613,165853.28125
"154",1614,131929.640625
"155",1615,88962.1953125
"156",1616,79249.0625
"157",1617,100054.0546875
"158",1618,129840.8515625
"159",1619,131729.484375
"160",1620,206074.078125
"161",1621,151989
"162",1622,125053.2734375
"163",1623,305809.8125
"164",1624,221640.984375
"165",1625,116192.6640625
"166",1626,141462.15625
"167",1627,177781.59375
"168",1628,293588.5
"169",1629,177938.21875
"170",1630,343916.4375
"171",1631,185616.25
"172",1632,211273.265625
"173",1633,151223.78125
"174",1634,187423.34375
"175",1635,173289.359375
"176",1636,156794.25
"177",1637,198266.4375
"178",1638,170598.96875
"179",1639,159431.203125
"180",1640,229359.09375
"181",1641,165847.09375
"182",1642,237030.515625
"183",1643,197185.171875
"184",1644,207676.859375
"185",1645,194093.5
"186",1646,156340.8125
"187",1647,139262.65625
"188",1648,119590.65625
"189",1649,139248.265625
"190",1650,113652.921875
"191",1651,133578.375
"192",1652,107437.9140625
"193",1653,106630.359375
"194",1654,144514.6875
"195",1655,129674.2109375
"196",1656,142108.875
"197",1657,146306.65625
"198",1658,138022.4375
"199",1659,105781.015625
"200",1660,151702.109375
"201",1661,409581.84375
"202",1662,336953.15625
"203",1663,355535.40625
"204",1664,438682.4375
"205",1665,290003.4375
"206",1666,359727.15625
"207",1667,381147.125
"208",1668,313887.53125
"209",1669,292277.875
"210",1670,341311.21875
"211",1671,258850.96875
"212",1672,411322.28125
"213",1673,307177.9375
"214",1674,228532.390625
"215",1675,195937.65625
"216",1676,202897.9375
"217",1677,220361.03125
"218",1678,417066.8125
"219",1679,401693.84375
"220",1680,305093.5
"221",1681,233845
"222",1682,294545.9375
"223",1683,166444.203125
"224",1684,155572.4375
"225",1685,159761.109375
"226",1686,158606.625
"227",1687,158901.40625
"228",1688,180342.546875
"229",1689,178970.3125
"230",1690,186594.4375
"231",1691,174053.515625
"232",1692,279643.3125
"233",1693,152708.546875
"234",1694,175916.390625
"235",1695,160265.984375
"236",1696,278505.5
"237",1697,161548.484375
"238",1698,356061.0625
"239",1699,315893.75
"240",1700,232565.4375
"241",1701,226940.046875
"242",1702,224259.5
"243",1703,237193.375
"244",1704,285568.8125
"245",1705,233197.53125
"246",1706,409581.125
"247",1707,201469.25
"248",1708,189820.84375
"249",1709,227919.546875
"250",1710,217863.265625
"251",1711,270112.4375
"252",1712,233017.734375
"253",1713,293233.78125
"254",1714,217430.875
"255",1715,201537.859375
"256",1716,174677.890625
"257",1717,158894.25
"258",1718,124610.3515625
"259",1719,192996.640625
"260",1720,230576.203125
"261",1721,146064.40625
"262",1722,114973.25
"263",1723,158789.34375
"264",1724,196506.171875
"265",1725,239521.46875
"266",1726,210112.125
"267",1727,159374.375
"268",1728,166283.21875
"269",1729,158265.21875
"270",1730,166873.65625
"271",1731,107122.328125
"272",1732,128680.3828125
"273",1733,111565.34375
"274",1734,104357.125
"275",1735,133472.546875
"276",1736,118802.609375
"277",1737,313377.75
"278",1738,208791.09375
"279",1739,275850.59375
"280",1740,228739.046875
"281",1741,191186.3125
"282",1742,177219.171875
"283",1743,175777.390625
"284",1744,292127.90625
"285",1745,181767.0625
"286",1746,177624.15625
"287",1747,199950.53125
"288",1748,229457.5625
"289",1749,139500.421875
"290",1750,109722.8828125
"291",1751,230859.09375
"292",1752,115219.28125
"293",1753,127826.1015625
"294",1754,180461.65625
"295",1755,164438.359375
"296",1756,121676.5859375
"297",1757,130608.796875
"298",1758,144320.09375
"299",1759,149047.3125
"300",1760,157589
"301",1761,137905.75
"302",1762,175621.015625
"303",1763,161783.59375
"304",1764,103996.4296875
"305",1765,150684.8125
"306",1766,174054.671875
"307",1767,222078.546875
"308",1768,141025.046875
"309",1769,168692.03125
"310",1770,147392.046875
"311",1771,107156.71875
"312",1772,120720.0390625
"313",1773,123226.5703125
"314",1774,152868.8125
"315",1775,133855.890625
"316",1776,119833.1015625
"317",1777,110199.1796875
"318",1778,136564.859375
"319",1779,119802.953125
"320",1780,169262.578125
"321",1781,119659.1015625
"322",1782,94437.8359375
"323",1783,150530.59375
"324",1784,118365.2109375
"325",1785,138910.03125
"326",1786,155933.34375
"327",1787,150960.875
"328",1788,61250.80859375
"329",1789,90442.953125
"330",1790,102452.421875
"331",1791,207101.90625
"332",1792,154509.09375
"333",1793,137263.6875
"334",1794,145987.234375
"335",1795,125989.859375
"336",1796,141513.96875
"337",1797,103240.3046875
"338",1798,122152.625
"339",1799,110954.890625
"340",1800,122675.828125
"341",1801,134256.40625
"342",1802,123552.59375
"343",1803,146232.25
"344",1804,141800.375
"345",1805,141839.4375
"346",1806,109389.046875
"347",1807,124357.8671875
"348",1808,123933.5234375
"349",1809,110294.7890625
"350",1810,158427.515625
"351",1811,91117.3515625
"352",1812,87766.984375
"353",1813,122565.5234375
"354",1814,92575.71875
"355",1815,63038.48046875
"356",1816,87622.7265625
"357",1817,114901.8359375
"358",1818,170623.984375
"359",1819,134198.703125
"360",1820,69929.0078125
"361",1821,105340.203125
"362",1822,160170.6875
"363",1823,53797.08984375
"364",1824,120438.25
"365",1825,121631.5546875
"366",1826,123074.2578125
"367",1827,98076.46875
"368",1828,123324.3359375
"369",1829,105117.9921875
"370",1830,138335.90625
"371",1831,132938.796875
"372",1832,91677.1171875
"373",1833,138524.671875
"374",1834,124565.21875
"375",1835,123002.265625
"376",1836,118981.1328125
"377",1837,83568.15625
"378",1838,122700.53125
"379",1839,90930.921875
"380",1840,146378.640625
"381",1841,130703.8046875
"382",1842,76420.15625
"383",1843,131822.46875
"384",1844,147804.765625
"385",1845,131582.734375
"386",1846,148231.953125
"387",1847,173993.34375
"388",1848,58142.25
"389",1849,100098.5
"390",1850,98294.09375
"391",1851,145793.328125
"392",1852,109594.109375
"393",1853,128110.140625
"394",1854,159474.578125
"395",1855,157407.4375
"396",1856,210058
"397",1857,180273.28125
"398",1858,132343.296875
"399",1859,108657.578125
"400",1860,147346.203125
"401",1861,108853.8046875
"402",1862,333020.5625
"403",1863,323016.34375
"404",1864,323016.34375
"405",1865,327755.0625
"406",1866,328346.6875
"407",1867,224218.3125
"408",1868,313694.75
"409",1869,204915.625
"410",1870,232759.5
"411",1871,260762.75
"412",1872,158241.625
"413",1873,215346.296875
"414",1874,142446.734375
"415",1875,184119.84375
"416",1876,197087.515625
"417",1877,217028.859375
"418",1878,212005.9375
"419",1879,124301.1015625
"420",1880,131823.984375
"421",1881,233186.640625
"422",1882,240661.328125
"423",1883,194513.640625
"424",1884,190892.984375
"425",1885,236947.78125
"426",1886,312799.6875
"427",1887,199803.15625
"428",1888,273009.125
"429",1889,155957.03125
"430",1890,115078.8125
"431",1891,136577.859375
"432",1892,99502.90625
"433",1893,113455.0625
"434",1894,108230.859375
"435",1895,112314.2578125
"436",1896,133465.734375
"437",1897,130559.7109375
"438",1898,122335.5859375
"439",1899,138448.234375
"440",1900,124805.5234375
"441",1901,167762.53125
"442",1902,134902.984375
"443",1903,231620.703125
"444",1904,112188.5
"445",1905,159995.96875
"446",1906,163988.109375
"447",1907,187743.40625
"448",1908,98145.765625
"449",1909,131042.0625
"450",1910,114903.828125
"451",1911,207658.953125
"452",1912,325790.09375
"453",1913,157738.6875
"454",1914,73670.453125
"455",1915,323823.15625
"456",1916,71479.6640625
"457",1917,247574.96875
"458",1918,133812.765625
"459",1919,173584.65625
"460",1920,132974.9375
"461",1921,375089.6875
"462",1922,318464.9375
"463",1923,198787.484375
"464",1924,210358.59375
"465",1925,203741.71875
"466",1926,399047.21875
"467",1927,122786.640625
"468",1928,150170.578125
"469",1929,113867.171875
"470",1930,137706.71875
"471",1931,147236.703125
"472",1932,148669
"473",1933,183599.578125
"474",1934,166457.859375
"475",1935,165250.53125
"476",1936,192808.296875
"477",1937,181791.703125
"478",1938,171044.515625
"479",1939,244999.765625
"480",1940,159306.0625
"481",1941,164621.34375
"482",1942,175588.8125
"483",1943,196432.125
"484",1944,369424.53125
"485",1945,377878.46875
"486",1946,156014.09375
"487",1947,306261.75
"488",1948,148866.46875
"489",1949,249996.90625
"490",1950,166920.0625
"491",1951,273760.625
"492",1952,201222.6875
"493",1953,157192.140625
"494",1954,185910.625
"495",1955,141795.328125
"496",1956,301457.4375
"497",1957,142256.96875
"498",1958,310154.375
"499",1959,145690.828125
"500",1960,114814.0625
"501",1961,121729.390625
"502",1962,99258.1171875
"503",1963,113656.15625
"504",1964,114833.203125
"505",1965,148447.515625
"506",1966,129867.2421875
"507",1967,282552.09375
"508",1968,449353.09375
"509",1969,377416.15625
"510",1970,429856.65625
"511",1971,401761.1875
"512",1972,375618.625
"513",1973,269901.65625
"514",1974,352040.21875
"515",1975,440168.84375
"516",1976,258748.703125
"517",1977,385398.96875
"518",1978,409629.71875
"519",1979,305941.96875
"520",1980,183975.34375
"521",1981,332267.875
"522",1982,232469.9375
"523",1983,210811.875
"524",1984,155846.8125
"525",1985,226179.78125
"526",1986,194953.265625
"527",1987,186407.21875
"528",1988,174657.9375
"529",1989,183424.84375
"530",1990,214709.140625
"531",1991,241276.421875
"532",1992,211057.578125
"533",1993,153977.65625
"534",1994,229963.375
"535",1995,184591.40625
"536",1996,227652.296875
"537",1997,285563.03125
"538",1998,319394.375
"539",1999,263499.4375
"540",2000,301021.5
"541",2001,261682.234375
"542",2002,236438.984375
"543",2003,230164
"544",2004,273250.15625
"545",2005,211984.765625
"546",2006,207797.125
"547",2007,238263.125
"548",2008,214529.5
"549",2009,199154.15625
"550",2010,184197.328125
"551",2011,126921.484375
"552",2012,157959.5625
"553",2013,183705.75
"554",2014,195710.5625
"555",2015,191609.8125
"556",2016,202275.25
"557",2017,199758.328125
"558",2018,108165.9296875
"559",2019,131385.046875
"560",2020,106017.78125
"561",2021,101268.828125
"562",2022,163644.125
"563",2023,141023.09375
"564",2024,275374.46875
"565",2025,312236.28125
"566",2026,168136.859375
"567",2027,163078.59375
"568",2028,144979.609375
"569",2029,165824.21875
"570",2030,241118.5
"571",2031,207954.265625
"572",2032,240756.578125
"573",2033,225364.546875
"574",2034,156558.5625
"575",2035,200126.984375
"576",2036,182404.59375
"577",2037,189737.578125
"578",2038,264340.46875
"579",2039,203964.03125
"580",2040,271952.28125
"581",2041,241000.890625
"582",2042,195555.8125
"583",2043,160230.6875
"584",2044,163049.046875
"585",2045,190101.03125
"586",2046,123406.6640625
"587",2047,147041.734375
"588",2048,149100.046875
"589",2049,132012.546875
"590",2050,169605.484375
"591",2051,102890.8046875
"592",2052,100840.671875
"593",2053,136372
"594",2054,85918.5234375
"595",2055,147637.078125
"596",2056,140664.34375
"597",2057,120973.90625
"598",2058,213117.234375
"599",2059,149530.8125
"600",2060,169701.328125
"601",2061,145223.96875
"602",2062,129395.609375
"603",2063,111812.40625
"604",2064,137949.25
"605",2065,107044.90625
"606",2066,152718.234375
"607",2067,145797.796875
"608",2068,150209.625
"609",2069,76143.4453125
"610",2070,103227.171875
"611",2071,101078.8984375
"612",2072,122600.7578125
"613",2073,130713.2734375
"614",2074,169992.078125
"615",2075,147583.4375
"616",2076,108681.3046875
"617",2077,146809.078125
"618",2078,129347.5703125
"619",2079,140486.6875
"620",2080,107980.1328125
"621",2081,122240.7421875
"622",2082,109443.4609375
"623",2083,150430.484375
"624",2084,100931.8359375
"625",2085,114224.6875
"626",2086,112724.65625
"627",2087,129233.03125
"628",2088,92594.3984375
"629",2089,69314.1171875
"630",2090,123770.1875
"631",2091,120245.2578125
"632",2092,124471.375
"633",2093,141823.515625
"634",2094,106892.734375
"635",2095,155341.640625
"636",2096,79321.7734375
"637",2097,81508.9609375
"638",2098,146815.09375
"639",2099,61599.48828125
"640",2100,89943.7265625
"641",2101,134845.109375
"642",2102,112320.3203125
"643",2103,109558.3359375
"644",2104,156007.5625
"645",2105,131410.5
"646",2106,68283.3359375
"647",2107,218454.25
"648",2108,111160.28125
"649",2109,105606.3046875
"650",2110,123941.875
"651",2111,111372.375
"652",2112,125320.5078125
"653",2113,121926.5625
"654",2114,119476.4765625
"655",2115,149931.671875
"656",2116,124966.109375
"657",2117,138825.734375
"658",2118,125190.2109375
"659",2119,107370.5
"660",2120,104857.34375
"661",2121,76929.9453125
"662",2122,102726.2578125
"663",2123,93646.453125
"664",2124,148155.34375
"665",2125,124894.5078125
"666",2126,141914.3125
"667",2127,129775.765625
"668",2128,117506.40625
"669",2129,96086.0546875
"670",2130,132236.046875
"671",2131,146615.28125
"672",2132,111717.34375
"673",2133,111877.375
"674",2134,108854.2578125
"675",2135,79826.625
"676",2136,88501.1953125
"677",2137,101182.5703125
"678",2138,118255.3515625
"679",2139,138820.9375
"680",2140,139386.3125
"681",2141,149361.65625
"682",2142,124486.4453125
"683",2143,128274.140625
"684",2144,111362.078125
"685",2145,123722.1328125
"686",2146,149487.390625
"687",2147,142243.890625
"688",2148,152471.4375
"689",2149,153767.171875
"690",2150,218239.65625
"691",2151,82274.2734375
"692",2152,187018.1875
"693",2153,143046.21875
"694",2154,89892.484375
"695",2155,125687.3828125
"696",2156,270078.5
"697",2157,241667.15625
"698",2158,229691.984375
"699",2159,185052.78125
"700",2160,170786.46875
"701",2161,228667.796875
"702",2162,360650.53125
"703",2163,350010.65625
"704",2164,243708.25
"705",2165,170074.859375
"706",2166,143885.546875
"707",2167,237465.5
"708",2168,199487.78125
"709",2169,199563.96875
"710",2170,211014.296875
"711",2171,148126.03125
"712",2172,128324.4375
"713",2173,155712.78125
"714",2174,221794.859375
"715",2175,280304.6875
"716",2176,316911.0625
"717",2177,247289.515625
"718",2178,193871.8125
"719",2179,134487.796875
"720",2180,273442.5
"721",2181,183117.15625
"722",2182,224210.109375
"723",2183,194415.15625
"724",2184,104295.75
"725",2185,127152.765625
"726",2186,133513.828125
"727",2187,134130.203125
"728",2188,148182.5
"729",2189,257814.71875
"730",2190,58366.3671875
"731",2191,71403.7578125
"732",2192,72778.7265625
"733",2193,105661.4921875
"734",2194,87778.890625
"735",2195,105915.7734375
"736",2196,114796.1953125
"737",2197,118735.46875
"738",2198,143139.96875
"739",2199,173582.3125
"740",2200,138438.015625
"741",2201,148887.015625
"742",2202,167446
"743",2203,141388.78125
"744",2204,185738.8125
"745",2205,107748.34375
"746",2206,125170.4765625
"747",2207,184013.703125
"748",2208,231028.5625
"749",2209,231502.671875
"750",2210,111235.4609375
"751",2211,106659.6640625
"752",2212,107986.265625
"753",2213,100382.4921875
"754",2214,137228.75
"755",2215,108313.0234375
"756",2216,150947.28125
"757",2217,66971.21875
"758",2218,86438.6953125
"759",2219,73184.921875
"760",2220,84960.7265625
"761",2221,325987.5625
"762",2222,308286.5
"763",2223,305832.5
"764",2224,212653.390625
"765",2225,134204.375
"766",2226,222449.015625
"767",2227,177618.546875
"768",2228,270790.46875
"769",2229,224993.734375
"770",2230,154155.6875
"771",2231,215327.8125
"772",2232,166040.4375
"773",2233,186639.65625
"774",2234,228493.53125
"775",2235,252253.96875
"776",2236,253255.140625
"777",2237,331285.625
"778",2238,203061.796875
"779",2239,109163.171875
"780",2240,165908.046875
"781",2241,173777.328125
"782",2242,127500.5390625
"783",2243,121485.671875
"784",2244,104007.3984375
"785",2245,112551.2734375
"786",2246,139095.109375
"787",2247,103129.59375
"788",2248,125923.5625
"789",2249,130845.7109375
"790",2250,133358.84375
"791",2251,118213.546875
"792",2252,146351.515625
"793",2253,147402.15625
"794",2254,164585.703125
"795",2255,172053.234375
"796",2256,175612.796875
"797",2257,208635.71875
"798",2258,145590.53125
"799",2259,179403.984375
"800",2260,131791.546875
"801",2261,165831.140625
"802",2262,192734.265625
"803",2263,363671.21875
"804",2264,402682.375
"805",2265,171847.25
"806",2266,283274.28125
"807",2267,350357.6875
"808",2268,389712.46875
"809",2269,136483.703125
"810",2270,193052.09375
"811",2271,205591.953125
"812",2272,184469.75
"813",2273,159247.53125
"814",2274,181158.875
"815",2275,145681.6875
"816",2276,179963.734375
"817",2277,183468.65625
"818",2278,139867.796875
"819",2279,146199.8125
"820",2280,126347.53125
"821",2281,169926.515625
"822",2282,201105.96875
"823",2283,120404.078125
"824",2284,128820.5234375
"825",2285,120462.6796875
"826",2286,121292.5234375
"827",2287,360750.84375
"828",2288,258592.4375
"829",2289,360916.84375
"830",2290,419280.25
"831",2291,337743.375
"832",2292,425553.46875
"833",2293,438663.5
"834",2294,418892.3125
"835",2295,404293.1875
"836",2296,246817.078125
"837",2297,357304.84375
"838",2298,341570.1875
"839",2299,373295.3125
"840",2300,340027.78125
"841",2301,302635.75
"842",2302,234113.25
"843",2303,222001.453125
"844",2304,204267.6875
"845",2305,195269.015625
"846",2306,189910.015625
"847",2307,192800.609375
"848",2308,220563.203125
"849",2309,265518.59375
"850",2310,223456.671875
"851",2311,188612.65625
"852",2312,167010.953125
"853",2313,161737.484375
"854",2314,159417.828125
"855",2315,169004.46875
"856",2316,184934.109375
"857",2317,176038.46875
"858",2318,176384.578125
"859",2319,170057.65625
"860",2320,183032.78125
"861",2321,224924.484375
"862",2322,165714.484375
"863",2323,181988.875
"864",2324,150698.765625
"865",2325,211913.828125
"866",2326,144959.421875
"867",2327,205692.140625
"868",2328,225435.921875
"869",2329,185155.28125
"870",2330,171749.546875
"871",2331,399584.53125
"872",2332,370397.34375
"873",2333,320227.96875
"874",2334,269852.15625
"875",2335,240599.546875
"876",2336,338780.90625
"877",2337,188489.078125
"878",2338,270259.75
"879",2339,212871.140625
"880",2340,374371.625
"881",2341,197697.703125
"882",2342,208172.28125
"883",2343,220898.8125
"884",2344,212911.46875
"885",2345,204640.296875
"886",2346,202430.6875
"887",2347,181981.546875
"888",2348,233245.34375
"889",2349,181647.203125
"890",2350,298375.09375
"891",2351,239482.5625
"892",2352,245873.78125
"893",2353,289158.1875
"894",2354,130981.71875
"895",2355,129297.65625
"896",2356,146948.734375
"897",2357,186055.296875
"898",2358,193323.1875
"899",2359,134115.0625
"900",2360,110972.5234375
"901",2361,132186.359375
"902",2362,272604.875
"903",2363,138061.21875
"904",2364,141373.84375
"905",2365,219242.390625
"906",2366,169689.40625
"907",2367,208097.109375
"908",2368,219035.90625
"909",2369,192811.78125
"910",2370,166115.796875
"911",2371,172097.796875
"912",2372,173094.71875
"913",2373,272311.3125
"914",2374,312855.28125
"915",2375,228090.609375
"916",2376,282754
"917",2377,312784.59375
"918",2378,127724.890625
"919",2379,204989.21875
"920",2380,135813.46875
"921",2381,142649.6875
"922",2382,153707.9375
"923",2383,185109.234375
"924",2384,233586.59375
"925",2385,141286.546875
"926",2386,133240.765625
"927",2387,129495.6953125
"928",2388,104601.484375
"929",2389,121007.6796875
"930",2390,126441.5546875
"931",2391,134707.34375
"932",2392,111954.2265625
"933",2393,151265.25
"934",2394,147786.84375
"935",2395,217850.140625
"936",2396,124143.640625
"937",2397,212923.203125
"938",2398,128250.28125
"939",2399,64521.26171875
"940",2400,60389.0546875
"941",2401,101508.6953125
"942",2402,140829.359375
"943",2403,123544.8828125
"944",2404,147536.375
"945",2405,148459.5625
"946",2406,132032.171875
"947",2407,130330.1640625
"948",2408,126365.1875
"949",2409,118950.234375
"950",2410,138198.59375
"951",2411,110724.9765625
"952",2412,139728.1875
"953",2413,119559.7265625
"954",2414,153209.796875
"955",2415,114364.0234375
"956",2416,118075.7734375
"957",2417,120628.34375
"958",2418,115327.0234375
"959",2419,132420.5
"960",2420,131445.0625
"961",2421,129037.4375
"962",2422,105367.0625
"963",2423,125825.0625
"964",2424,161834.0625
"965",2425,230554.90625
"966",2426,136064.21875
"967",2427,134570.328125
"968",2428,166440.328125
"969",2429,106855.640625
"970",2430,127535.609375
"971",2431,121475.375
"972",2432,141293.75
"973",2433,141198.859375
"974",2434,123501.578125
"975",2435,147686.390625
"976",2436,107006.3515625
"977",2437,111028.8984375
"978",2438,128002.8828125
"979",2439,109080.1875
"980",2440,122624.75
"981",2441,84150.1484375
"982",2442,102261.203125
"983",2443,124914.9609375
"984",2444,119220.90625
"985",2445,89134.21875
"986",2446,126678.2734375
"987",2447,153970.359375
"988",2448,134444.34375
"989",2449,94600.78125
"990",2450,140876.578125
"991",2451,121977.1484375
"992",2452,205884.578125
"993",2453,90704.8359375
"994",2454,143081.65625
"995",2455,116466.7734375
"996",2456,127200.4375
"997",2457,130778.203125
"998",2458,143706.921875
"999",2459,108396.4140625
"1000",2460,122202.390625
"1001",2461,109534.3046875
"1002",2462,133808.609375
"1003",2463,118874.421875
"1004",2464,175671.859375
"1005",2465,129816.3046875
"1006",2466,94633.921875
"1007",2467,125192.671875
"1008",2468,69222.59375
"1009",2469,68981.6328125
"1010",2470,162661.15625
"1011",2471,200687.25
"1012",2472,156071.734375
"1013",2473,112150.15625
"1014",2474,80986.578125
"1015",2475,180592.015625
"1016",2476,109371.8203125
"1017",2477,120739.65625
"1018",2478,149975.390625
"1019",2479,110715.3828125
"1020",2480,164733.5625
"1021",2481,131333.21875
"1022",2482,123088.71875
"1023",2483,102719.515625
"1024",2484,109271.5
"1025",2485,123132.7265625
"1026",2486,143253.796875
"1027",2487,221599.140625
"1028",2488,167500.625
"1029",2489,138730.328125
"1030",2490,152592.8125
"1031",2491,80950.671875
"1032",2492,168525.328125
"1033",2493,149143.125
"1034",2494,126696.9453125
"1035",2495,70621.3125
"1036",2496,264986.15625
"1037",2497,139012.5625
"1038",2498,105234.9453125
"1039",2499,80016.703125
"1040",2500,128022.7421875
"1041",2501,129002.9609375
"1042",2502,130789.7890625
"1043",2503,86667.5859375
"1044",2504,154470.171875
"1045",2505,232048.53125
"1046",2506,254525.328125
"1047",2507,285844.46875
"1048",2508,250565.484375
"1049",2509,206011.8125
"1050",2510,204200.765625
"1051",2511,162670.65625
"1052",2512,211993.171875
"1053",2513,207912.375
"1054",2514,215593.453125
"1055",2515,145259.65625
"1056",2516,179690.15625
"1057",2517,136144.28125
"1058",2518,151343.65625
"1059",2519,231995.546875
"1060",2520,210957.109375
"1061",2521,185972.46875
"1062",2522,218356.5
"1063",2523,102964.15625
"1064",2524,132806.390625
"1065",2525,145481.296875
"1066",2526,127794.5859375
"1067",2527,110257.171875
"1068",2528,132311.296875
"1069",2529,144506.625
"1070",2530,122139.703125
"1071",2531,263894.65625
"1072",2532,238199.1875
"1073",2533,192711.90625
"1074",2534,213893.953125
"1075",2535,314818.4375
"1076",2536,243080.6875
"1077",2537,218341.078125
"1078",2538,176371.046875
"1079",2539,172873.125
"1080",2540,182161.578125
"1081",2541,165934.765625
"1082",2542,164145.953125
"1083",2543,123570.9765625
"1084",2544,106082.1015625
"1085",2545,123319.0234375
"1086",2546,112378.34375
"1087",2547,122930.3515625
"1088",2548,142249.6875
"1089",2549,162743.796875
"1090",2550,424080.6875
"1091",2551,137924.96875
"1092",2552,114338.4609375
"1093",2553,73141.7890625
"1094",2554,66148.5078125
"1095",2555,106420.296875
"1096",2556,91856.515625
"1097",2557,92355.6953125
"1098",2558,160145.515625
"1099",2559,124342.0390625
"1100",2560,126262.7265625
"1101",2561,126638.015625
"1102",2562,113603.2578125
"1103",2563,133492.453125
"1104",2564,179290.234375
"1105",2565,127940.5234375
"1106",2566,155166.703125
"1107",2567,130706.828125
"1108",2568,178234.453125
"1109",2569,197376.1875
"1110",2570,113059.59375
"1111",2571,204598.3125
"1112",2572,140129.53125
"1113",2573,205257.953125
"1114",2574,241449.40625
"1115",2575,120225.2890625
"1116",2576,119601.765625
"1117",2577,146797.34375
"1118",2578,84703.75
"1119",2579,83537.71875
"1120",2580,127906.921875
"1121",2581,125270.296875
"1122",2582,127417.6015625
"1123",2583,273788.6875
"1124",2584,146856.265625
"1125",2585,197324.984375
"1126",2586,232841.15625
"1127",2587,184990.421875
"1128",2588,130031.2890625
"1129",2589,147841.34375
"1130",2590,212293.109375
"1131",2591,211362.484375
"1132",2592,199777.1875
"1133",2593,253559.328125
"1134",2594,155929.171875
"1135",2595,193651.390625
"1136",2596,306415.21875
"1137",2597,200535.890625
"1138",2598,274854.15625
"1139",2599,324722.46875
"1140",2600,162074.625
"1141",2601,163314.390625
"1142",2602,92891.7265625
"1143",2603,88383.0234375
"1144",2604,95303.6484375
"1145",2605,93828.34375
"1146",2606,155295.40625
"1147",2607,193719.359375
"1148",2608,207282.9375
"1149",2609,164686.890625
"1150",2610,100678.0625
"1151",2611,97278.2578125
"1152",2612,145694.625
"1153",2613,122680.6015625
"1154",2614,126191.65625
"1155",2615,136717.28125
"1156",2616,144144
"1157",2617,187870.21875
"1158",2618,235904.234375
"1159",2619,174465.109375
"1160",2620,183820.609375
"1161",2621,187643.390625
"1162",2622,181226.859375
"1163",2623,224240.34375
"1164",2624,331679.9375
"1165",2625,298677.3125
"1166",2626,167953.109375
"1167",2627,136909.515625
"1168",2628,412570.8125
"1169",2629,413411.78125
"1170",2630,354569.84375
"1171",2631,445244.25
"1172",2632,375925.65625
"1173",2633,296300.8125
"1174",2634,405688.0625
"1175",2635,156886.75
"1176",2636,167876.078125
"1177",2637,193227.609375
"1178",2638,245177.6875
"1179",2639,179332.765625
"1180",2640,152585.53125
"1181",2641,108900.6796875
"1182",2642,226087.71875
"1183",2643,109003.328125
"1184",2644,128435.6640625
"1185",2645,124558.1796875
"1186",2646,111078.8984375
"1187",2647,122548.96875
"1188",2648,135224.671875
"1189",2649,143484.90625
"1190",2650,116662.7421875
"1191",2651,143551.140625
"1192",2652,429302.15625
"1193",2653,239088.84375
"1194",2654,264992.625
"1195",2655,386448.03125
"1196",2656,304965.9375
"1197",2657,327581.03125
"1198",2658,281457.3125
"1199",2659,325569.71875
"1200",2660,373770.375
"1201",2661,342577.4375
"1202",2662,373135.15625
"1203",2663,277285.34375
"1204",2664,259095.859375
"1205",2665,318172.03125
"1206",2666,271970.15625
"1207",2667,159596.453125
"1208",2668,167205.109375
"1209",2669,172885.9375
"1210",2670,297335.90625
"1211",2671,173872.9375
"1212",2672,189462.859375
"1213",2673,180393.140625
"1214",2674,179261.796875
"1215",2675,171111.390625
"1216",2676,170242.578125
"1217",2677,192211.9375
"1218",2678,260531.75
"1219",2679,259866.671875
"1220",2680,243093.03125
"1221",2681,379792.875
"1222",2682,304523.75
"1223",2683,431567.59375
"1224",2684,330742.71875
"1225",2685,291162.0625
"1226",2686,250766.75
"1227",2687,296349.65625
"1228",2688,190775.796875
"1229",2689,186186.796875
"1230",2690,389408.34375
"1231",2691,190674.40625
"1232",2692,124442.4609375
"1233",2693,189944.5
"1234",2694,119462.5859375
"1235",2695,191409.34375
"1236",2696,178386.90625
"1237",2697,194425.046875
"1238",2698,197819.078125
"1239",2699,177587.046875
"1240",2700,157336.234375
"1241",2701,157703.953125
"1242",2702,114280.609375
"1243",2703,121512.890625
"1244",2704,142231.75
"1245",2705,106852.7421875
"1246",2706,106200.03125
"1247",2707,124410.96875
"1248",2708,126723.0390625
"1249",2709,103973.203125
"1250",2710,120757.4296875
"1251",2711,285472.90625
"1252",2712,320827.46875
"1253",2713,164721.09375
"1254",2714,151586.9375
"1255",2715,176732
"1256",2716,137458.65625
"1257",2717,177993.9375
"1258",2718,208889.734375
"1259",2719,146451.984375
"1260",2720,147072.796875
"1261",2721,131071.8203125
"1262",2722,172588.71875
"1263",2723,133301.125
"1264",2724,134078.3125
"1265",2725,127996.2734375
"1266",2726,147761.921875
"1267",2727,158383.015625
"1268",2728,158829.234375
"1269",2729,156817.546875
"1270",2730,140163.65625
"1271",2731,113374.3203125
"1272",2732,120173.5078125
"1273",2733,151239.703125
"1274",2734,121267.84375
"1275",2735,136815.265625
"1276",2736,150477.859375
"1277",2737,118661.421875
"1278",2738,113121.65625
"1279",2739,163948.6875
"1280",2740,112014.90625
"1281",2741,138017.140625
"1282",2742,146552.046875
"1283",2743,139371.328125
"1284",2744,159111.609375
"1285",2745,133424.390625
"1286",2746,138033.53125
"1287",2747,143543.734375
"1288",2748,125323.390625
"1289",2749,133693.359375
"1290",2750,137753.09375
"1291",2751,144694.0625
"1292",2752,171383.875
"1293",2753,137345.390625
"1294",2754,272805.65625
"1295",2755,130140.984375
"1296",2756,105549.328125
"1297",2757,71629.390625
"1298",2758,102236.4609375
"1299",2759,156607.640625
"1300",2760,122174
"1301",2761,146987.171875
"1302",2762,145792.296875
"1303",2763,187982.0625
"1304",2764,135674.5
"1305",2765,287709.75
"1306",2766,144744.84375
"1307",2767,86312.8828125
"1308",2768,113048.1640625
"1309",2769,134975.640625
"1310",2770,140962.40625
"1311",2771,118200.1328125
"1312",2772,110599.765625
"1313",2773,165462.734375
"1314",2774,127204.375
"1315",2775,114428.6328125
"1316",2776,145235.421875
"1317",2777,127930.515625
"1318",2778,81545.1015625
"1319",2779,149515.515625
"1320",2780,91170.3984375
"1321",2781,91949.234375
"1322",2782,93994.8203125
"1323",2783,111524.7578125
"1324",2784,114257.6875
"1325",2785,141261.84375
"1326",2786,84475.5078125
"1327",2787,124105.8046875
"1328",2788,84689.2421875
"1329",2789,179024.171875
"1330",2790,74749.265625
"1331",2791,117740.875
"1332",2792,72625.53125
"1333",2793,158971.453125
"1334",2794,100857.3203125
"1335",2795,122459.5
"1336",2796,95169.296875
"1337",2797,198914.109375
"1338",2798,104854.640625
"1339",2799,120935.6953125
"1340",2800,57584.91015625
"1341",2801,103426.1328125
"1342",2802,124272.9765625
"1343",2803,134470.46875
"1344",2804,123350.9453125
"1345",2805,90839.3359375
"1346",2806,94065.375
"1347",2807,147512.203125
"1348",2808,140473.78125
"1349",2809,122288.6640625
"1350",2810,129179.640625
"1351",2811,144590.453125
"1352",2812,162601.75
"1353",2813,177680.46875
"1354",2814,166377.609375
"1355",2815,100596.7109375
"1356",2816,216972.90625
"1357",2817,148808.46875
"1358",2818,129741.25
"1359",2819,140171.421875
"1360",2820,136397.53125
"1361",2821,100594.3671875
"1362",2822,190471.015625
"1363",2823,289257.46875
"1364",2824,181865.75
"1365",2825,158852.5
"1366",2826,115836.328125
"1367",2827,121711.9296875
"1368",2828,267698.75
"1369",2829,189657.875
"1370",2830,206520.484375
"1371",2831,173538.375
"1372",2832,284109.78125
"1373",2833,312582.03125
"1374",2834,211112.484375
"1375",2835,217656.296875
"1376",2836,194599.46875
"1377",2837,136474.5625
"1378",2838,146953.765625
"1379",2839,169117.703125
"1380",2840,195167.21875
"1381",2841,206907.34375
"1382",2842,224239.5
"1383",2843,143693.484375
"1384",2844,156330.609375
"1385",2845,116311.0546875
"1386",2846,214903.96875
"1387",2847,198076.09375
"1388",2848,201565.640625
"1389",2849,195123.453125
"1390",2850,277992.9375
"1391",2851,209216.078125
"1392",2852,230808.484375
"1393",2853,228402.71875
"1394",2854,133090.1875
"1395",2855,194106.09375
"1396",2856,205155.75
"1397",2857,183015.515625
"1398",2858,197266.03125
"1399",2859,133692.171875
"1400",2860,104484.5546875
"1401",2861,104905.890625
"1402",2862,195472.703125
"1403",2863,116520.5234375
"1404",2864,239485.703125
"1405",2865,136974.703125
"1406",2866,126740.2421875
"1407",2867,90725.2734375
"1408",2868,90956.7109375
"1409",2869,93177.1015625
"1410",2870,118086.546875
"1411",2871,72779.3828125
"1412",2872,63986.328125
"1413",2873,84387.09375
"1414",2874,145482.921875
"1415",2875,101110.609375
"1416",2876,165273.609375
"1417",2877,134788.3125
"1418",2878,130264.1328125
"1419",2879,162324.546875
"1420",2880,108508.265625
"1421",2881,145300.34375
"1422",2882,159677.5
"1423",2883,167280.328125
"1424",2884,186445.265625
"1425",2885,169769.28125
"1426",2886,219194.15625
"1427",2887,84536.7890625
"1428",2888,136171.78125
"1429",2889,52617.5859375
"1430",2890,84132.9609375
"1431",2891,123650.9921875
"1432",2892,43219.0390625
"1433",2893,70523.1640625
"1434",2894,66919.65625
"1435",2895,337449.9375
"1436",2896,290152.25
"1437",2897,209592.375
"1438",2898,133769.484375
"1439",2899,202374.5
"1440",2900,141089.484375
"1441",2901,194666.25
"1442",2902,197102.59375
"1443",2903,374162.34375
"1444",2904,342622.375
"1445",2905,96335.96875
"1446",2906,220012.40625
"1447",2907,112089.4140625
"1448",2908,134355.890625
"1449",2909,135449.140625
"1450",2910,78601.046875
"1451",2911,90570.1875
"1452",2912,131240.078125
"1453",2913,84722.4453125
"1454",2914,73825.4375
"1455",2915,80479.5703125
"1456",2916,87348.71875
"1457",2917,170144.59375
"1458",2918,118857.2578125
"1459",2919,217494.6875
